Title,Type,Timestamp,Account Currency,Total Amount in Account Currency,Buy / Sell,Ticker,ISIN,Price per Share in Account Currency,Stamp Duty,Quantity,Venue,Order ID,Order Type,Instrument Currency,Total Amount in Instrument Currency,Price per Share,FX Rate,Base FX Rate,FX Fee (BPS),FX Fee Amount,Dividend Ex Date,Dividend Pay Date,Dividend Eligible Quantity,Dividend Amount Per Share,Dividend Gross Distribution Amount,Dividend Net Distribution Amount,Dividend Withheld Tax Percentage,Dividend Withheld Tax Amount,Stock Split Ex Date,Stock Split Pay Date,Stock Split New ISIN,Stock Split Rate of Share Outturn From,Stock Split Rate of Share Outturn To,Stock Split Maintain Holding of Initial ISIN,Stock Split New Share Quantity,Stock Split Rate of Cash Outturn Amount,Stock Split Rate of Cash Outturn Currency,Stock Split Cash Outturn Received Amount,Stock Split Has Fractional Payout,Stock Split Rate of Fractional Payout Amount,Stock Split Rate of Fractional Payout Currency,Stock Split Fractional Payout Cash Received Amount,Stock Split Fractional Payout Cash Received Currency
Ultra-Short Inc GBP Acc,ORDER,2026-02-25T08:02:20.793Z,GBP,10041.51,SELL,JGSA,IE00BG47J908,119.5417857,0,84,London Stock Exchange,BZFFM3FL2PSO,LIMIT,GBP,10041.51,119.5417857,,,0,,,,,,,,,,,,,,,,,,,,,,,,
MSCI World ex-USA USD Acc,ORDER,2026-02-25T08:02:04.900Z,GBP,438.01,SELL,XUSE,IE000R4ZNTN3,5.15305882,0,85,London Stock Exchange,A9T2PRIX10ZA,LIMIT,GBP,438.01,5.15305882,,,0,,,,,,,,,,,,,,,,,,,,,,,,
FTSE All-World Acc,ORDER,2026-02-25T08:00:19.135Z,GBP,5607.45,SELL,FWRG,IE000716YHJ7,6.44534483,0,870,London Stock Exchange,W1AEEVF2CU0L,LIMIT,GBP,5607.45,6.44534483,,,0,,,,,,,,,,,,,,,,,,,,,,,,
Interest,INTEREST_FROM_CASH,2026-02-16T00:00:00.000Z,GBP,0.11,,,,,,,,,,,,,,,,,,,,,,,,,,,,,,,,,,,,,,,
January Statement,MONTHLY_STATEMENT,2026-02-01T00:00:00.000Z,,,,,,,,,,,,,,,,,,,,,,,,,,,,,,,,,,,,,,,,,
Personal Assets,ORDER,2026-01-28T10:08:01.765Z,GBP,6252.19,BUY,PNL,GB00BM8B5H06,5.46667838,31.11,1138,London Stock Exchange,HQVIYN505UC0,MARKET,GBP,6221.08,5.46667838,,,0,,,,,,,,,,,,,,,,,,,,,,,,
MSCI World ex-USA USD Acc,ORDER,2026-01-28T08:59:05.792Z,GBP,884.07,BUY,XUSE,IE000R4ZNTN3,4.9115,0,180,London Stock Exchange,3S5QWLCSHTOD,MARKET,GBP,884.07,4.9115,,,0,,,,,,,,,,,,,,,,,,,,,,,,
MSCI World ex-USA USD Acc,ORDER,2026-01-28T08:56:50.808Z,GBP,6088.87,BUY,XUSE,IE000R4ZNTN3,4.91037903,0,1240,London Stock Exchange,R1KWB4KF6B51,MARKET,GBP,6088.87,4.91037903,,,0,,,,,,,,,,,,,,,,,,,,,,,,
FTSE All-World Acc,ORDER,2026-01-28T08:53:09.304Z,GBP,7213.64,SELL,FWRG,IE000716YHJ7,6.31114611,0,1143,London Stock Exchange,RT3T1Y7FFSXF,BASIC,GBP,7213.64,6.31114611,,,0,,,,,,,,,,,,,,,,,,,,,,,,
Physical Gold GBP Acc,ORDER,2026-01-28T08:50:04.227Z,GBP,2025.36,SELL,IGLG,IE000Q2P3ZQ3,84.39,0,24,London Stock Exchange,46ANWDGKP4TI,BASIC,GBP,2025.36,84.39,,,0,,,,,,,,,,,,,,,,,,,,,,,,
Global Agg. Bond Acc,ORDER,2026-01-28T08:49:05.402Z,GBP,1965.74,SELL,VAGS,IE00BG47K971,25.865,0,76,London Stock Exchange,HUYD3DZ97RSS,BASIC,GBP,1965.74,25.865,,,0,,,,,,,,,,,,,,,,,,,,,,,,
Ultra-Short Inc GBP Acc,ORDER,2026-01-28T08:47:05.553Z,GBP,2025.47,SELL,JGSA,IE00BG47J908,119.1452941,0,17,London Stock Exchange,B62RH0G9PHNP,BASIC,GBP,2025.47,119.1452941,,,0,,,,,,,,,,,,,,,,,,,,,,,,
MSCI World ex-USA USD Acc,ORDER,2026-01-26T08:45:06.252Z,GBP,3000.64,BUY,XUSE,IE000R4ZNTN3,4.90300654,0,612,London Stock Exchange,F5MDIQYS618R,BASIC,GBP,3000.64,4.90300654,,,0,,,,,,,,,,,,,,,,,,,,,,,,
Top up,TOP_UP,2026-01-24T21:50:02.450Z,GBP,3000,,,,,,,,,,,,,,,,,,,,,,,,,,,,,,,,,,,,,,,
International Public Partnerships,ORDER,2026-01-19T09:16:04.838Z,GBP,5599.99,BUY,INPP,GB00B188SR50,1.29359898,0,4329,London Stock Exchange,QJSWWK1QIXG4,MARKET,GBP,5599.99,1.29359898,,,0,,,,,,,,,,,,,,,,,,,,,,,,
International Public Partnerships,ORDER,2026-01-19T08:45:10.538Z,GBP,27.2,BUY,INPP,GB00B188SR50,1.2952381,0,21,London Stock Exchange,49UYWEELXLNR,BASIC,GBP,27.2,1.2952381,,,0,,,,,,,,,,,,,,,,,,,,,,,,
FTSE All-World Acc,ORDER,2026-01-19T08:39:04.466Z,GBP,2465.51,SELL,FWRG,IE000716YHJ7,6.35440722,0,388,London Stock Exchange,9K7J22Z7UMRC,BASIC,GBP,2465.51,6.35440722,,,0,,,,,,,,,,,,,,,,,,,,,,,,
Physical Gold GBP Acc,ORDER,2026-01-19T08:36:07.054Z,GBP,3133.62,SELL,IGLG,IE000Q2P3ZQ3,74.61,0,42,London Stock Exchange,OLPC7BDJVO45,BASIC,GBP,3133.62,74.61,,,0,,,,,,,,,,,,,,,,,,,,,,,,
Interest,INTEREST_FROM_CASH,2026-01-15T00:00:00.000Z,GBP,0.18,,,,,,,,,,,,,,,,,,,,,,,,,,,,,,,,,,,,,,,
Ultra-Short Inc GBP Acc,ORDER,2026-01-14T08:38:08.162Z,GBP,1785.22,BUY,JGSA,IE00BG47J908,119.0146667,0,15,London Stock Exchange,N4PCLUJA68EI,BASIC,GBP,1785.22,119.0146667,,,0,,,,,,,,,,,,,,,,,,,,,,,,
Global Agg. Bond Acc,ORDER,2026-01-14T08:36:13.804Z,GBP,1913.33,BUY,VAGS,IE00BG47K971,25.85581081,0,74,London Stock Exchange,QTK7S77QA4TG,BASIC,GBP,1913.33,25.85581081,,,0,,,,,,,,,,,,,,,,,,,,,,,,
FTSE All-World Acc,ORDER,2026-01-14T08:33:10.978Z,GBP,2394.69,BUY,FWRG,IE000716YHJ7,6.36885638,0,376,London Stock Exchange,HSPC5C6K3SGC,BASIC,GBP,2394.69,6.36885638,,,0,,,,,,,,,,,,,,,,,,,,,,,,
Top up,TOP_UP,2026-01-13T22:32:03.306Z,GBP,6000,,,,,,,,,,,,,,,,,,,,,,,,,,,,,,,,,,,,,,,
Withdrawal,WITHDRAWAL,2026-01-07T20:00:11.677Z,GBP,5700,,,,,,,,,,,,,,,,,,,,,,,,,,,,,,,,,,,,,,,
Physical Gold GBP Acc,ORDER,2026-01-05T08:47:08.512Z,GBP,1063.05,SELL,IGLG,IE000Q2P3ZQ3,70.87,0,15,London Stock Exchange,OYQKN2FHFRRT,BASIC,GBP,1063.05,70.87,,,0,,,,,,,,,,,,,,,,,,,,,,,,
Ultra-Short Inc GBP Acc,ORDER,2026-01-05T08:43:08.897Z,GBP,1663.21,SELL,JGSA,IE00BG47J908,118.8007143,0,14,London Stock Exchange,JAQS5A5ERIH9,BASIC,GBP,1663.21,118.8007143,,,0,,,,,,,,,,,,,,,,,,,,,,,,
FTSE All-World Acc,ORDER,2026-01-05T08:40:10.425Z,GBP,3030.82,SELL,FWRG,IE000716YHJ7,6.2880083,0,482,London Stock Exchange,MZJ11F3CA4K5,BASIC,GBP,3030.82,6.2880083,,,0,,,,,,,,,,,,,,,,,,,,,,,,
December Statement,MONTHLY_STATEMENT,2026-01-01T00:00:00.000Z,,,,,,,,,,,,,,,,,,,,,,,,,,,,,,,,,,,,,,,,,
Physical Gold GBP Acc,ORDER,2025-12-29T10:47:41.995Z,GBP,999.74,BUY,IGLG,IE000Q2P3ZQ3,71.41,0,14,London Stock Exchange,3CMO9IOFN8XI,MARKET,GBP,999.74,71.41,,,0,,,,,,,,,,,,,,,,,,,,,,,,
Top up,TOP_UP,2025-12-29T10:44:44.331Z,GBP,1000,,,,,,,,,,,,,,,,,,,,,,,,,,,,,,,,,,,,,,,
Physical Gold GBP Acc,ORDER,2025-12-29T08:53:10.878Z,GBP,998.9,BUY,IGLG,IE000Q2P3ZQ3,71.35,0,14,London Stock Exchange,9T29LNHC8FYU,BASIC,GBP,998.9,71.35,,,0,,,,,,,,,,,,,,,,,,,,,,,,
Global Agg. Bond Acc,ORDER,2025-12-29T08:50:03.669Z,GBP,3981.75,BUY,VAGS,IE00BG47K971,25.85551948,0,154,London Stock Exchange,4TB2MNURBFZ5,BASIC,GBP,3981.75,25.85551948,,,0,,,,,,,,,,,,,,,,,,,,,,,,
Ultra-Short Inc GBP Acc,ORDER,2025-12-29T08:42:07.220Z,GBP,1780.8,BUY,JGSA,IE00BG47J908,118.72,0,15,London Stock Exchange,VTJETE0BI94X,BASIC,GBP,1780.8,118.72,,,0,,,,,,,,,,,,,,,,,,,,,,,,
Top up,TOP_UP,2025-12-28T19:47:38.253Z,GBP,1000,,,,,,,,,,,,,,,,,,,,,,,,,,,,,,,,,,,,,,,
Top up,TOP_UP,2025-12-25T09:48:12.336Z,GBP,5700,,,,,,,,,,,,,,,,,,,,,,,,,,,,,,,,,,,,,,,
Ultra-Short Inc GBP Acc,ORDER,2025-12-18T08:34:05.557Z,GBP,948.88,BUY,JGSA,IE00BG47J908,118.61,0,8,London Stock Exchange,ER0O1ZVB40V4,BASIC,GBP,948.88,118.61,,,0,,,,,,,,,,,,,,,,,,,,,,,,
Global Agg. Bond Acc,ORDER,2025-12-18T08:33:05.006Z,GBP,1030.64,BUY,VAGS,IE00BG47K971,25.766,0,40,London Stock Exchange,SECWN4HYO8MR,BASIC,GBP,1030.64,25.766,,,0,,,,,,,,,,,,,,,,,,,,,,,,
Physical Gold GBP Acc,ORDER,2025-12-18T08:32:06.512Z,GBP,1939.56,BUY,IGLG,IE000Q2P3ZQ3,69.27,0,28,London Stock Exchange,V38RTMGHHSGP,BASIC,GBP,1939.56,69.27,,,0,,,,,,,,,,,,,,,,,,,,,,,,
Top up,TOP_UP,2025-12-17T22:05:52.549Z,GBP,4000,,,,,,,,,,,,,,,,,,,,,,,,,,,,,,,,,,,,,,,
FTSE All-World Acc,ORDER,2025-12-09T08:34:06.921Z,GBP,4996.21,BUY,FWRG,IE000716YHJ7,6.22968828,0,802,London Stock Exchange,XM4Z3ICYBS4J,BASIC,GBP,4996.21,6.22968828,,,0,,,,,,,,,,,,,,,,,,,,,,,,
Ultra-Short Inc GBP Acc,ORDER,2025-12-09T08:03:02.037Z,GBP,236.89,BUY,JGSA,IE00BG47J908,118.445,0,2,London Stock Exchange,U31J0YCYGLZB,MARKET,GBP,236.89,118.445,,,0,,,,,,,,,,,,,,,,,,,,,,,,
Ultra-Short Inc GBP Acc,ORDER,2025-12-09T08:02:06.323Z,GBP,8883.61,BUY,JGSA,IE00BG47J908,118.4481333,0,75,London Stock Exchange,XQ4X5BDLZ59B,MARKET,GBP,8883.61,118.4481333,,,0,,,,,,,,,,,,,,,,,,,,,,,,
Top up,TOP_UP,2025-12-09T07:55:10.286Z,GBP,14000,,,,,,,,,,,,,,,,,,,,,,,,,,,,,,,,,,,,,,,
Physical Gold GBP Acc,ORDER,2025-12-08T08:42:11.718Z,GBP,9971.93,BUY,IGLG,IE000Q2P3ZQ3,67.37790541,0,148,London Stock Exchange,O917WHYSKDJQ,BASIC,GBP,9971.93,67.37790541,,,0,,,,,,,,,,,,,,,,,,,,,,,,
Global Agg. Bond Acc,ORDER,2025-12-08T08:40:11.655Z,GBP,14976.26,BUY,VAGS,IE00BG47K971,25.7324055,0,582,London Stock Exchange,L9JBWYW2K7R4,BASIC,GBP,14976.26,25.7324055,,,0,,,,,,,,,,,,,,,,,,,,,,,,
Ultra-Short Inc GBP Acc,ORDER,2025-12-08T08:38:15.496Z,GBP,19893.32,BUY,JGSA,IE00BG47J908,118.4126191,0,168,London Stock Exchange,7WZVBVU0YKAS,BASIC,GBP,19893.32,118.4126191,,,0,,,,,,,,,,,,,,,,,,,,,,,,
FTSE All-World Acc,ORDER,2025-12-08T08:38:08.035Z,GBP,34896.93,BUY,FWRG,IE000716YHJ7,6.25505108,0,5579,London Stock Exchange,1KTL2HUKD9T3,BASIC,GBP,34896.93,6.25505108,,,0,,,,,,,,,,,,,,,,,,,,,,,,
Top up,TOP_UP,2025-12-07T21:46:23.294Z,GBP,45000,,,,,,,,,,,,,,,,,,,,,,,,,,,,,,,,,,,,,,,
Top up,TOP_UP,2025-12-06T14:41:31.012Z,GBP,34900,,,,,,,,,,,,,,,,,,,,,,,,,,,,,,,,,,,,,,,
FTSE All-World Acc,ORDER,2025-12-05T08:30:17.208Z,GBP,99.89,BUY,FWRG,IE000716YHJ7,6.243125,0,16,London Stock Exchange,5JAIONYAFQ9G,BASIC,GBP,99.89,6.243125,,,0,,,,,,,,,,,,,,,,,,,,,,,,
Top up,TOP_UP,2025-12-04T20:17:52.685Z,GBP,100,,,,,,,,,,,,,,,,,,,,,,,,,,,,,,,,,,,,,,,